{"cameraMode":{"drawMode":0,"name":"Shaded","section":"Shading Mode"},"sceneLighting":true,"audioPlay":false,"sceneViewState":{"showFog":true,"showMaterialUpdate":true,"showSkybox":true,"showFlares":true,"showImageEffects":true,"showParticleSystems":true},"in2DMode":false,"pivot":{"x":6.252241134643555,"y":2.04567813873291,"z":15.857755661010743},"rotation":{"x":0.20622199773788453,"y":-0.04108372703194618,"z":0.008666500449180603,"w":0.9776049852371216},"size":11.241352081298829,"orthographic":false}